{
  "weights": [
    0.045926612337937184,
    -0.14057950088841198,
    0.07739156268156389,
    0.6827780232225104,
    0.9416467730801039,
    0.24478351829834122,
    -0.10517733613994279,
    -0.33520949279653944,
    0.7369021650188436,
    1.4170464891983743,
    0.9806479575374154,
    0.03774813979439509,
    -0.7933394619498095,
    0.5611256392239786,
    1.2117720281213955,
    0.23950902732362886,
    -1.402759647474098,
    0.25428141992331194,
    0.4597825130622598,
    -0.033580261378187946,
    -0.37469442290966365,
    0.6948804018445436,
    -0.30138609635874375,
    -0.5034946591249195,
    0.642616122678598,
    0.10530895454056388,
    0.42231768864244995,
    -0.6160892622899,
    -0.034032397180691926,
    -0.3541282784039491,
    -0.2143364285774364,
    -0.014568190228549023,
    -0.18193128438574313,
    -0.6060483815158778,
    0.13408635544649522,
    0.6891612955790324,
    -0.509958458026731,
    -0.2344248611166026,
    -0.9530562300755437,
    1.0278162425184427,
    0.5877590682805619,
    0.04118571823512705,
    0.10012098793216853,
    0.41198034960154156,
    1.9268863572031059,
    0.9122344586682352,
    1.3380344264861663,
    0.6528850828895542,
    0.44209254482039645,
    -0.2993650713792272,
    0.16530853464223405,
    -0.1812162269617138,
    -0.3766825960737037,
    -0.34762272114900766,
    -0.36023818943468144,
    1.0715006006742167,
    0.44202871033385416,
    -0.24137747712105687,
    -0.1494729673905152,
    1.6858305757483696,
    -0.06869306486829274,
    0.4208526626057445,
    -0.8384748178503926,
    0.01442160662048649,
    0.6321298274241995,
    -0.4074113880558482,
    -0.7371846732363475,
    0.33728547166128736,
    1.3978422387245846,
    -0.4723400600539852,
    -0.10826391119037862,
    -1.6157881253092194,
    -1.3682254441248243,
    0.22868461320284136,
    -0.7311183934778005,
    -0.1914017086442231,
    -0.8659181100761022,
    -1.0581427293484436,
    0.5294672777621896,
    0.17084946843641724,
    1.0117096455960257,
    -0.4619523187301189,
    0.18352695796846108,
    -0.12569151735353856,
    0.015613088530390475,
    0.2794187069741785,
    -0.053437212456019595,
    -0.4910714534929577,
    -1.294727039819339,
    -0.21178210746877585,
    0.5245641943206846,
    -0.38715917252846443
  ],
  "fitness": 211677.72952547972,
  "laps_completed": 1,
  "generation": 30,
  "architecture": {
    "input_size": 6,
    "hidden_size": 8,
    "output_size": 4
  },
  "control_type": "4_directional"
}